<?xml version="1.0" encoding="UTF-8"?>
<project-private xmlns="http://www.netbeans.org/ns/project-private/1">
    <editor-bookmarks xmlns="http://www.netbeans.org/ns/editor-bookmarks/2" lastBookmarkId="0"/>
    <open-files xmlns="http://www.netbeans.org/ns/projectui-open-files/2">
        <group>
            <file>file:/C:/wamp64/www/atw/views/pages/connexion.ejs</file>
            <file>file:/C:/wamp64/www/atw/routes/server.js</file>
            <file>file:/C:/wamp64/www/atw/views/pages/index.ejs</file>
            <file>file:/C:/wamp64/www/atw/models/model.js</file>
            <file>file:/C:/wamp64/www/atw/views/include/head.ejs</file>
            <file>file:/C:/wamp64/www/atw/models/pages.js</file>
            <file>file:/C:/wamp64/www/atw/package.json</file>
            <file>file:/C:/wamp64/www/atw/views/pages/profil.ejs</file>
        </group>
    </open-files>
</project-private>
